Date,Product Name,Category,Units Sold,Price,Revenue,Discount,Units Returned,Location,Platform,protein,weight loss,carbs,diet,gym,ozempic
2004-01-01,,,,,,,,,,14,13,6,100,23,0
2004-02-01,,,,,,,,,,15,12,5,71,18,0
2004-03-01,,,,,,,,,,13,12,4,63,15,0
2004-04-01,,,,,,,,,,14,12,4,67,15,0
2004-05-01,,,,,,,,,,13,12,5,68,15,0
2004-06-01,,,,,,,,,,13,12,5,62,17,0
2004-07-01,,,,,,,,,,12,13,4,58,17,0
2004-08-01,,,,,,,,,,11,11,4,54,18,0
2004-09-01,,,,,,,,,,14,10,3,53,17,0
2004-10-01,,,,,,,,,,13,10,2,48,15,0
2004-11-01,,,,,,,,,,12,11,2,49,17,0
2004-12-01,,,,,,,,,,11,10,2,41,19,0
2005-01-01,,,,,,,,,,13,14,3,60,24,0
2005-02-01,,,,,,,,,,14,13,3,54,20,0
2005-03-01,,,,,,,,,,14,13,3,54,20,0
2005-04-01,,,,,,,,,,13,13,3,56,16,0
2005-05-01,,,,,,,,,,12,14,3,58,18,0
2005-06-01,,,,,,,,,,13,14,3,54,18,0
2005-07-01,,,,,,,,,,12,13,3,53,18,0
2005-08-01,,,,,,,,,,11,12,2,47,19,0
2005-09-01,,,,,,,,,,13,10,2,44,18,0
2005-10-01,,,,,,,,,,13,11,2,44,17,0
2005-11-01,,,,,,,,,,12,10,2,43,18,0
2005-12-01,,,,,,,,,,10,10,2,37,18,0
2006-01-01,,,,,,,,,,13,16,3,65,24,0
2006-02-01,,,,,,,,,,13,13,2,52,21,0
2006-03-01,,,,,,,,,,13,13,3,54,20,0
2006-04-01,,,,,,,,,,12,13,2,51,18,0
2006-05-01,,,,,,,,,,11,13,2,47,19,0
2006-06-01,,,,,,,,,,11,13,2,55,20,0
2006-07-01,,,,,,,,,,11,13,3,54,21,0
2006-08-01,,,,,,,,,,10,12,2,51,23,0
2006-09-01,,,,,,,,,,12,11,2,42,21,0
2006-10-01,,,,,,,,,,12,11,2,44,20,0
2006-11-01,,,,,,,,,,11,11,2,45,21,0
2006-12-01,,,,,,,,,,9,10,2,38,22,0
2007-01-01,,,,,,,,,,12,15,3,62,30,0
2007-02-01,,,,,,,,,,12,13,2,50,27,0
2007-03-01,,,,,,,,,,12,14,3,55,27,0
2007-04-01,,,,,,,,,,12,15,3,56,24,0
2007-05-01,,,,,,,,,,12,14,3,54,25,0
2007-06-01,,,,,,,,,,11,15,3,57,24,0
2007-07-01,,,,,,,,,,11,15,3,54,22,0
2007-08-01,,,,,,,,,,11,13,2,48,22,0
2007-09-01,,,,,,,,,,12,12,2,48,23,0
2007-10-01,,,,,,,,,,13,12,2,45,20,0
2007-11-01,,,,,,,,,,11,11,2,43,20,0
2007-12-01,,,,,,,,,,10,10,2,36,22,0
2008-01-01,,,,,,,,,,13,15,3,60,28,0
2008-02-01,,,,,,,,,,13,12,3,49,23,0
2008-03-01,,,,,,,,,,13,13,3,51,23,0
2008-04-01,,,,,,,,,,13,14,3,52,21,0
2008-05-01,,,,,,,,,,12,13,3,47,21,0
2008-06-01,,,,,,,,,,11,12,3,48,21,0
2008-07-01,,,,,,,,,,11,13,3,49,22,0
2008-08-01,,,,,,,,,,11,11,3,48,24,0
2008-09-01,,,,,,,,,,12,11,3,43,24,0
2008-10-01,,,,,,,,,,13,11,2,45,20,0
2008-11-01,,,,,,,,,,11,11,2,43,23,0
2008-12-01,,,,,,,,,,10,11,2,42,24,0
2009-01-01,,,,,,,,,,13,15,3,60,29,0
2009-02-01,,,,,,,,,,15,14,3,52,23,0
2009-03-01,,,,,,,,,,14,14,3,53,22,0
2009-04-01,,,,,,,,,,14,13,3,50,21,0
2009-05-01,,,,,,,,,,13,14,3,51,21,0
2009-06-01,,,,,,,,,,14,15,4,51,22,0
2009-07-01,,,,,,,,,,12,15,3,50,21,0
2009-08-01,,,,,,,,,,12,15,3,48,22,0
2009-09-01,,,,,,,,,,14,13,3,46,19,0
2009-10-01,,,,,,,,,,14,13,3,45,19,0
2009-11-01,,,,,,,,,,13,13,3,43,20,0
2009-12-01,,,,,,,,,,11,12,2,40,22,0
2010-01-01,,,,,,,,,,14,18,4,64,28,0
2010-02-01,,,,,,,,,,15,16,4,54,24,0
2010-03-01,,,,,,,,,,16,16,4,55,22,0
2010-04-01,,,,,,,,,,15,16,4,53,21,0
2010-05-01,,,,,,,,,,14,19,4,55,20,0
2010-06-01,,,,,,,,,,14,17,4,49,22,0
2010-07-01,,,,,,,,,,13,15,4,48,21,0
2010-08-01,,,,,,,,,,12,14,4,48,22,0
2010-09-01,,,,,,,,,,14,13,4,47,21,0
2010-10-01,,,,,,,,,,14,12,3,44,20,0
2010-11-01,,,,,,,,,,13,11,3,43,21,0
2010-12-01,,,,,,,,,,11,11,2,40,21,0
2011-01-01,,,,,,,,,,17,20,6,70,31,0
2011-02-01,,,,,,,,,,19,17,5,64,28,0
2011-03-01,,,,,,,,,,19,17,6,66,27,0
2011-04-01,,,,,,,,,,17,17,5,65,25,0
2011-05-01,,,,,,,,,,16,18,6,66,25,0
2011-06-01,,,,,,,,,,16,19,6,63,26,0
2011-07-01,,,,,,,,,,16,19,5,61,25,0
2011-08-01,,,,,,,,,,16,17,5,56,27,0
2011-09-01,,,,,,,,,,16,16,5,54,25,0
2011-10-01,,,,,,,,,,16,15,5,54,23,0
2011-11-01,,,,,,,,,,15,13,4,51,26,0
2011-12-01,,,,,,,,,,13,16,4,49,27,0
2012-01-01,,,,,,,,,,20,20,7,74,33,0
2012-02-01,,,,,,,,,,20,19,6,67,28,0
2012-03-01,,,,,,,,,,19,18,6,63,26,0
2012-04-01,,,,,,,,,,19,20,7,65,25,0
2012-05-01,,,,,,,,,,19,19,7,60,27,0
2012-06-01,,,,,,,,,,18,19,7,61,28,0
2012-07-01,,,,,,,,,,18,19,7,62,29,0
2012-08-01,,,,,,,,,,18,17,6,57,29,0
2012-09-01,,,,,,,,,,19,16,6,56,25,0
2012-10-01,,,,,,,,,,19,15,5,50,24,0
2012-11-01,,,,,,,,,,15,15,5,46,22,0
2012-12-01,,,,,,,,,,14,13,4,46,25,0
2013-01-01,,,,,,,,,,20,19,7,70,31,0
2013-02-01,,,,,,,,,,22,19,7,65,28,0
2013-03-01,,,,,,,,,,21,18,7,67,29,0
2013-04-01,,,,,,,,,,21,18,7,64,27,0
2013-05-01,,,,,,,,,,19,19,7,64,27,0
2013-06-01,,,,,,,,,,20,19,7,61,28,0
2013-07-01,,,,,,,,,,19,19,8,58,28,0
2013-08-01,,,,,,,,,,19,18,7,55,28,0
2013-09-01,,,,,,,,,,20,16,7,50,25,0
2013-10-01,,,,,,,,,,19,16,6,49,25,0
2013-11-01,,,,,,,,,,17,15,6,45,24,0
2013-12-01,,,,,,,,,,14,15,5,45,27,0
2014-01-01,,,,,,,,,,22,21,8,66,34,0
2014-02-01,,,,,,,,,,24,19,7,59,31,0
2014-03-01,,,,,,,,,,22,20,8,57,30,0
2014-04-01,,,,,,,,,,23,19,8,55,27,0
2014-05-01,,,,,,,,,,20,19,8,54,27,0
2014-06-01,,,,,,,,,,20,19,8,51,28,0
2014-07-01,,,,,,,,,,20,19,8,50,28,0
2014-08-01,,,,,,,,,,17,17,8,47,27,0
2014-09-01,,,,,,,,,,21,15,8,46,26,0
2014-10-01,,,,,,,,,,20,15,7,42,24,0
2014-11-01,,,,,,,,,,18,14,6,37,24,0
2014-12-01,,,,,,,,,,16,13,6,39,28,0
2015-01-01,,,,,,,,,,22,19,10,57,34,0
2015-02-01,,,,,,,,,,23,17,9,47,29,0
2015-03-01,,,,,,,,,,22,18,9,51,29,0
2015-04-01,,,,,,,,,,23,17,9,53,26,0
2015-05-01,,,,,,,,,,20,17,9,49,26,0
2015-06-01,,,,,,,,,,20,18,9,49,27,0
2015-07-01,,,,,,,,,,20,18,9,48,27,0
2015-08-01,,,,,,,,,,21,16,9,43,29,0
2015-09-01,,,,,,,,,,23,15,9,43,26,0
2015-10-01,,,,,,,,,,21,14,8,41,23,0
2015-11-01,,,,,,,,,,18,13,7,37,26,0
2015-12-01,,,,,,,,,,16,14,6,38,27,0
2016-01-01,,,,,,,,,,25,19,11,58,38,0
2016-02-01,,,,,,,,,,26,18,10,52,34,0
2016-03-01,,,,,,,,,,24,19,11,52,32,0
2016-04-01,,,,,,,,,,25,18,11,52,30,0
2016-05-01,,,,,,,,,,24,18,11,48,32,0
2016-06-01,,,,,,,,,,21,17,11,49,32,0
2016-07-01,,,,,,,,,,21,18,11,47,45,0
2016-08-01,,,,,,,,,,21,17,11,47,36,0
2016-09-01,,,,,,,,,,23,15,10,42,30,0
2016-10-01,,,,,,,,,,22,14,10,39,27,0
2016-11-01,,,,,,,,,,19,14,8,36,30,0
2016-12-01,,,,,,,,,,17,13,7,38,31,0
2017-01-01,,,,,,,,,,27,21,14,58,39,0
2017-02-01,,,,,,,,,,26,21,14,62,33,0
2017-03-01,,,,,,,,,,27,21,15,55,33,0
2017-04-01,,,,,,,,,,26,20,14,56,32,0
2017-05-01,,,,,,,,,,24,19,14,53,31,0
2017-06-01,,,,,,,,,,24,18,14,54,35,0
2017-07-01,,,,,,,,,,25,18,15,56,35,0
2017-08-01,,,,,,,,,,23,16,13,50,33,0
2017-09-01,,,,,,,,,,24,15,13,47,30,0
2017-10-01,,,,,,,,,,24,15,12,49,27,0
2017-11-01,,,,,,,,,,21,15,11,44,31,0
2017-12-01,,,,,,,,,,18,13,10,44,31,0
2018-01-01,,,,,,,,,,28,20,18,67,39,0
2018-02-01,,,,,,,,,,28,18,17,62,34,0
2018-03-01,,,,,,,,,,27,18,17,64,32,0
2018-04-01,,,,,,,,,,26,18,19,68,30,0
2018-05-01,,,,,,,,,,24,18,19,64,31,0
2018-06-01,,,,,,,,,,24,17,21,63,32,0
2018-07-01,,,,,,,,,,24,18,23,61,33,0
2018-08-01,,,,,,,,,,24,16,21,61,31,0
2018-09-01,,,,,,,,,,25,14,18,52,29,0
2018-10-01,,,,,,,,,,24,13,16,51,26,0
2018-11-01,,,,,,,,,,21,12,15,45,30,0
2018-12-01,,,,,,,,,,19,13,13,48,32,0
2019-01-01,,,,,,,,,,28,18,28,75,37,0
2019-02-01,,,,,,,,,,26,17,21,60,34,0
2019-03-01,,,,,,,,,,26,16,22,59,34,0
2019-04-01,,,,,,,,,,24,16,20,61,29,0
2019-05-01,,,,,,,,,,23,16,20,51,30,0
2019-06-01,,,,,,,,,,24,16,20,53,33,0
2019-07-01,,,,,,,,,,22,16,20,50,31,0
2019-08-01,,,,,,,,,,21,14,19,47,30,0
2019-09-01,,,,,,,,,,24,13,18,45,29,0
2019-10-01,,,,,,,,,,24,12,16,46,26,0
2019-11-01,,,,,,,,,,21,12,14,42,32,0
2019-12-01,,,,,,,,,,19,13,12,41,32,0
2020-01-06,Whey Protein,Protein,143,31.98,4573.14,0.03,2,Canada,Walmart,29,19,23,62,41,1
2020-01-06,Collagen Peptides,Protein,147,10.96,1611.12,0.06,2,USA,Amazon,,,,,,
2020-01-13,Whey Protein,Protein,150,12.08,1812,0.02,2,UK,Amazon,,,,,,
2020-01-13,Collagen Peptides,Protein,134,56.4,7557.6,0.06,1,Canada,iHerb,,,,,,
2020-01-20,Whey Protein,Protein,157,41.81,6564.17,0.19,0,USA,Walmart,,,,,,
2020-01-20,Collagen Peptides,Protein,161,39.41,6345.01,0.12,2,UK,Walmart,,,,,,
2020-01-27,Whey Protein,Protein,137,26.73,3662.01,0.01,0,UK,Amazon,,,,,,
2020-01-27,Collagen Peptides,Protein,126,11.68,1471.68,0.02,3,Canada,Walmart,,,,,,
2020-02-03,Whey Protein,Protein,165,33.11,5463.15,0.1,2,Canada,iHerb,28,17,20,52,33,1
2020-02-03,Collagen Peptides,Protein,153,49.9,7634.7,0.1,3,UK,Amazon,,,,,,
2020-02-10,Whey Protein,Protein,163,45.51,7418.13,0.08,1,UK,iHerb,,,,,,
2020-02-10,Collagen Peptides,Protein,155,53.56,8301.8,0.19,2,UK,Walmart,,,,,,
2020-02-17,Whey Protein,Protein,143,24.86,3554.98,0.07,2,Canada,iHerb,,,,,,
2020-02-17,Collagen Peptides,Protein,132,34.38,4538.16,0.16,3,Canada,Walmart,,,,,,
2020-02-24,Whey Protein,Protein,150,59.64,8946,0.03,1,UK,Walmart,,,,,,
2020-02-24,Collagen Peptides,Protein,169,36.7,6202.3,0.04,0,Canada,iHerb,,,,,,
2020-03-02,Whey Protein,Protein,155,27.03,4189.65,0.02,1,Canada,Amazon,21,12,13,35,31,0
2020-03-02,Collagen Peptides,Protein,152,48.1,7311.2,0.21,1,UK,Amazon,,,,,,
2020-03-09,Whey Protein,Protein,149,34.17,5091.33,0.22,2,USA,Walmart,,,,,,
2020-03-09,Collagen Peptides,Protein,162,20.54,3327.48,0.24,0,UK,Amazon,,,,,,
2020-03-16,Whey Protein,Protein,140,50.17,7023.8,0.23,1,Canada,iHerb,,,,,,
2020-03-16,Collagen Peptides,Protein,158,51.97,8211.26,0,1,Canada,iHerb,,,,,,
2020-03-23,Whey Protein,Protein,148,20.44,3025.12,0.09,1,UK,Walmart,,,,,,
2020-03-23,Collagen Peptides,Protein,156,48.7,7597.2,0.19,1,Canada,Amazon,,,,,,
2020-03-30,Whey Protein,Protein,138,41.12,5674.56,0.2,1,Canada,iHerb,,,,,,
2020-03-30,Collagen Peptides,Protein,165,58.03,9574.95,0.05,4,Canada,iHerb,,,,,,
2020-04-06,Whey Protein,Protein,160,29.62,4739.2,0.19,3,UK,iHerb,23,14,12,36,21,0
2020-04-06,Collagen Peptides,Protein,153,26.58,4066.74,0.21,0,Canada,iHerb,,,,,,
2020-04-13,Whey Protein,Protein,147,26.26,3860.22,0.18,2,Canada,Walmart,,,,,,
2020-04-13,Collagen Peptides,Protein,142,19.76,2805.92,0.09,1,USA,Amazon,,,,,,
2020-04-20,Whey Protein,Protein,169,43.7,7385.3,0.01,2,USA,Walmart,,,,,,
2020-04-20,Collagen Peptides,Protein,147,29.88,4392.36,0.07,0,USA,iHerb,,,,,,
2020-04-27,Whey Protein,Protein,148,29.95,4432.6,0.21,0,USA,Amazon,,,,,,
2020-04-27,Collagen Peptides,Protein,138,47.14,6505.32,0.18,1,UK,iHerb,,,,,,
2020-05-04,Whey Protein,Protein,127,43.21,5487.67,0.22,2,Canada,iHerb,24,19,16,44,26,0
2020-05-04,Collagen Peptides,Protein,140,18.26,2556.4,0,2,UK,iHerb,,,,,,
2020-05-11,Whey Protein,Protein,146,20.22,2952.12,0.13,1,Canada,iHerb,,,,,,
2020-05-11,Collagen Peptides,Protein,152,21.01,3193.52,0.09,1,Canada,iHerb,,,,,,
2020-05-18,Whey Protein,Protein,149,23.55,3508.95,0.05,1,USA,iHerb,,,,,,
2020-05-18,Collagen Peptides,Protein,140,11.95,1673,0.17,1,UK,iHerb,,,,,,
2020-05-25,Whey Protein,Protein,160,45.37,7259.2,0.1,1,UK,Amazon,,,,,,
2020-05-25,Collagen Peptides,Protein,150,17.68,2652,0.14,1,UK,Amazon,,,,,,
2020-06-01,Whey Protein,Protein,142,26.31,3736.02,0.07,0,USA,iHerb,23,18,17,43,30,1
2020-06-01,Collagen Peptides,Protein,143,52.01,7437.43,0.25,3,UK,iHerb,,,,,,
2020-06-08,Whey Protein,Protein,152,28.73,4366.96,0.2,1,UK,Amazon,,,,,,
2020-06-08,Collagen Peptides,Protein,160,51.38,8220.8,0.04,0,USA,Walmart,,,,,,
2020-06-15,Whey Protein,Protein,163,48.76,7947.88,0.06,1,UK,iHerb,,,,,,
2020-06-15,Collagen Peptides,Protein,148,22.33,3304.84,0.12,2,USA,Amazon,,,,,,
2020-06-22,Whey Protein,Protein,144,42.93,6181.92,0.23,2,Canada,iHerb,,,,,,
2020-06-22,Collagen Peptides,Protein,145,51.03,7399.35,0.12,1,Canada,Walmart,,,,,,
2020-06-29,Whey Protein,Protein,146,50.73,7406.58,0.15,1,Canada,Walmart,,,,,,
2020-06-29,Collagen Peptides,Protein,151,31.57,4767.07,0.09,3,Canada,iHerb,,,,,,
2020-07-06,Whey Protein,Protein,129,15.01,1936.29,0,2,UK,iHerb,25,18,17,44,27,1
2020-07-06,Collagen Peptides,Protein,131,26.87,3519.97,0.22,0,USA,Walmart,,,,,,
2020-07-13,Whey Protein,Protein,146,46.9,6847.4,0.09,2,Canada,iHerb,,,,,,
2020-07-13,Collagen Peptides,Protein,144,39.71,5718.24,0.15,2,UK,Walmart,,,,,,
2020-07-20,Whey Protein,Protein,154,55.86,8602.44,0.1,0,UK,Walmart,,,,,,
2020-07-20,Collagen Peptides,Protein,180,35.72,6429.6,0.02,2,Canada,Walmart,,,,,,
2020-07-27,Whey Protein,Protein,148,52.5,7770,0.05,0,UK,iHerb,,,,,,
2020-07-27,Collagen Peptides,Protein,157,43.78,6873.46,0.1,2,Canada,Amazon,,,,,,
2020-08-03,Whey Protein,Protein,136,20.44,2779.84,0.01,1,UK,Walmart,22,16,16,41,25,1
2020-08-03,Collagen Peptides,Protein,156,50.48,7874.88,0.24,0,Canada,Walmart,,,,,,
2020-08-10,Whey Protein,Protein,139,14.01,1947.39,0.11,0,Canada,iHerb,,,,,,
2020-08-10,Collagen Peptides,Protein,177,29.11,5152.47,0.14,0,USA,Walmart,,,,,,
2020-08-17,Whey Protein,Protein,163,53.32,8691.16,0.01,2,UK,iHerb,,,,,,
2020-08-17,Collagen Peptides,Protein,141,39.96,5634.36,0.13,1,USA,Amazon,,,,,,
2020-08-24,Whey Protein,Protein,137,20.7,2835.9,0.07,1,UK,iHerb,,,,,,
2020-08-24,Collagen Peptides,Protein,174,49.09,8541.66,0.19,2,Canada,iHerb,,,,,,
2020-08-31,Whey Protein,Protein,176,26.58,4678.08,0.13,2,USA,Walmart,,,,,,
2020-08-31,Collagen Peptides,Protein,132,43.55,5748.6,0.17,1,UK,Walmart,,,,,,
2020-09-07,Whey Protein,Protein,147,22.83,3356.01,0.19,1,UK,Amazon,26,15,15,37,25,1
2020-09-07,Collagen Peptides,Protein,165,10.5,1732.5,0.19,1,USA,Amazon,,,,,,
2020-09-14,Whey Protein,Protein,133,16.19,2153.27,0.02,3,USA,Amazon,,,,,,
2020-09-14,Collagen Peptides,Protein,118,57.78,6818.04,0.24,1,USA,Amazon,,,,,,
2020-09-21,Whey Protein,Protein,145,20.2,2929,0.12,2,Canada,iHerb,,,,,,
2020-09-21,Collagen Peptides,Protein,153,12.48,1909.44,0.06,1,USA,iHerb,,,,,,
2020-09-28,Whey Protein,Protein,142,34.13,4846.46,0.05,4,UK,iHerb,,,,,,
2020-09-28,Collagen Peptides,Protein,161,19.09,3073.49,0.11,0,Canada,iHerb,,,,,,
2020-10-05,Whey Protein,Protein,144,19.88,2862.72,0.2,0,USA,iHerb,23,16,14,40,25,1
2020-10-05,Collagen Peptides,Protein,153,11.82,1808.46,0.01,3,USA,iHerb,,,,,,
2020-10-12,Whey Protein,Protein,131,58.18,7621.58,0.09,1,USA,Walmart,,,,,,
2020-10-12,Collagen Peptides,Protein,148,54.26,8030.48,0.02,1,UK,iHerb,,,,,,
2020-10-19,Whey Protein,Protein,143,18.4,2631.2,0.09,1,Canada,Walmart,,,,,,
2020-10-19,Collagen Peptides,Protein,152,58.59,8905.68,0.13,1,USA,Amazon,,,,,,
2020-10-26,Whey Protein,Protein,148,33.85,5009.8,0.1,3,UK,iHerb,,,,,,
2020-10-26,Collagen Peptides,Protein,148,46.66,6905.68,0.25,1,USA,Amazon,,,,,,
2020-11-02,Whey Protein,Protein,135,53.4,7209,0.15,2,Canada,Amazon,20,13,11,33,25,1
2020-11-02,Collagen Peptides,Protein,153,20.55,3144.15,0.21,0,Canada,Amazon,,,,,,
2020-11-09,Whey Protein,Protein,160,50.58,8092.8,0.07,1,Canada,Amazon,,,,,,
2020-11-09,Collagen Peptides,Protein,133,51.72,6878.76,0.14,2,UK,iHerb,,,,,,
2020-11-16,Whey Protein,Protein,142,27.05,3841.1,0.25,1,UK,Walmart,,,,,,
2020-11-16,Collagen Peptides,Protein,141,16.26,2292.66,0.16,0,USA,iHerb,,,,,,
2020-11-23,Whey Protein,Protein,144,39.82,5734.08,0.07,0,UK,Amazon,,,,,,
2020-11-23,Collagen Peptides,Protein,135,35.03,4729.05,0.23,0,Canada,iHerb,,,,,,
2020-11-30,Whey Protein,Protein,134,19.86,2661.24,0.02,0,Canada,Walmart,,,,,,
2020-11-30,Collagen Peptides,Protein,166,22.64,3758.24,0.02,1,UK,Amazon,,,,,,
2020-12-07,Whey Protein,Protein,155,18.33,2841.15,0.25,3,USA,Walmart,19,14,10,34,25,1
2020-12-07,Collagen Peptides,Protein,147,17.19,2526.93,0,0,Canada,Amazon,,,,,,
2020-12-14,Whey Protein,Protein,149,55.74,8305.26,0.08,4,UK,iHerb,,,,,,
2020-12-14,Collagen Peptides,Protein,146,44.24,6459.04,0.05,1,UK,Walmart,,,,,,
2020-12-21,Whey Protein,Protein,122,36.88,4499.36,0.14,1,Canada,iHerb,,,,,,
2020-12-21,Collagen Peptides,Protein,152,30.9,4696.8,0.21,3,USA,Amazon,,,,,,
2020-12-28,Whey Protein,Protein,146,34.6,5051.6,0.14,1,USA,Amazon,,,,,,
2020-12-28,Collagen Peptides,Protein,143,16.33,2335.19,0.04,1,Canada,Amazon,,,,,,
2021-01-04,Whey Protein,Protein,150,41.25,6187.5,0.24,2,UK,iHerb,30,20,19,45,30,1
2021-01-04,Collagen Peptides,Protein,161,16.78,2701.58,0.04,2,UK,iHerb,,,,,,
2021-01-11,Whey Protein,Protein,161,38.93,6267.73,0.23,2,USA,iHerb,,,,,,
2021-01-11,Collagen Peptides,Protein,126,39.54,4982.04,0.16,0,Canada,Walmart,,,,,,
2021-01-18,Whey Protein,Protein,156,23.88,3725.28,0.23,2,Canada,Walmart,,,,,,
2021-01-18,Collagen Peptides,Protein,151,57.25,8644.75,0.17,0,Canada,Amazon,,,,,,
2021-01-25,Whey Protein,Protein,150,32.03,4804.5,0.21,2,Canada,iHerb,,,,,,
2021-01-25,Collagen Peptides,Protein,134,23.44,3140.96,0.01,2,Canada,Amazon,,,,,,
2021-02-01,Whey Protein,Protein,178,31.22,5557.16,0.18,2,Canada,Amazon,30,19,17,41,30,1
2021-02-01,Collagen Peptides,Protein,172,13.77,2368.44,0.06,2,USA,Walmart,,,,,,
2021-02-08,Whey Protein,Protein,129,56,7224,0.07,1,UK,Walmart,,,,,,
2021-02-08,Collagen Peptides,Protein,131,19.98,2617.38,0.09,1,Canada,Amazon,,,,,,
2021-02-15,Whey Protein,Protein,140,22.56,3158.4,0.08,0,USA,Walmart,,,,,,
2021-02-15,Collagen Peptides,Protein,152,43.09,6549.68,0.09,3,Canada,Walmart,,,,,,
2021-02-22,Whey Protein,Protein,136,57.19,7777.84,0,0,Canada,Walmart,,,,,,
2021-02-22,Collagen Peptides,Protein,145,35.16,5098.2,0.08,2,UK,Walmart,,,,,,
2021-03-01,Whey Protein,Protein,139,19.86,2760.54,0.05,2,Canada,Walmart,28,18,16,41,29,1
2021-03-01,Collagen Peptides,Protein,153,35.15,5377.95,0.02,2,USA,Amazon,,,,,,
2021-03-08,Whey Protein,Protein,165,30.8,5082,0.24,1,UK,Amazon,,,,,,
2021-03-08,Collagen Peptides,Protein,159,32.34,5142.06,0,3,USA,Amazon,,,,,,
2021-03-15,Whey Protein,Protein,177,22,3894,0.02,4,USA,Amazon,,,,,,
2021-03-15,Collagen Peptides,Protein,156,39.29,6129.24,0.15,1,UK,Walmart,,,,,,
2021-03-22,Whey Protein,Protein,145,41.16,5968.2,0.02,1,UK,Walmart,,,,,,
2021-03-22,Collagen Peptides,Protein,151,50.22,7583.22,0.02,2,USA,Amazon,,,,,,
2021-03-29,Whey Protein,Protein,141,35.92,5064.72,0.12,1,Canada,Amazon,,,,,,
2021-03-29,Collagen Peptides,Protein,162,16.55,2681.1,0.19,4,Canada,Walmart,,,,,,
2021-04-05,Whey Protein,Protein,154,43.1,6637.4,0.11,3,UK,Amazon,27,18,16,42,29,1
2021-04-05,Collagen Peptides,Protein,152,17.02,2587.04,0.16,0,Canada,iHerb,,,,,,
2021-04-12,Whey Protein,Protein,149,13.4,1996.6,0.05,0,USA,iHerb,,,,,,
2021-04-12,Collagen Peptides,Protein,151,34.01,5135.51,0.09,1,Canada,Amazon,,,,,,
2021-04-19,Whey Protein,Protein,145,43.48,6304.6,0.24,0,Canada,Walmart,,,,,,
2021-04-19,Collagen Peptides,Protein,152,42.54,6466.08,0.03,1,USA,Walmart,,,,,,
2021-04-26,Whey Protein,Protein,153,15.47,2366.91,0.1,1,USA,Amazon,,,,,,
2021-04-26,Collagen Peptides,Protein,155,14.23,2205.65,0.03,1,UK,Amazon,,,,,,
2021-05-03,Whey Protein,Protein,153,55.83,8541.99,0.18,2,UK,Amazon,26,18,15,41,31,1
2021-05-03,Collagen Peptides,Protein,165,17.86,2946.9,0.17,2,UK,Amazon,,,,,,
2021-05-10,Whey Protein,Protein,161,27.88,4488.68,0.07,2,USA,Walmart,,,,,,
2021-05-10,Collagen Peptides,Protein,155,12.46,1931.3,0.01,2,Canada,Walmart,,,,,,
2021-05-17,Whey Protein,Protein,149,18.56,2765.44,0.19,1,UK,Walmart,,,,,,
2021-05-17,Collagen Peptides,Protein,176,27.1,4769.6,0.23,0,UK,Walmart,,,,,,
2021-05-24,Whey Protein,Protein,176,38.03,6693.28,0.02,1,UK,Walmart,,,,,,
2021-05-24,Collagen Peptides,Protein,138,27.89,3848.82,0,3,USA,Amazon,,,,,,
2021-05-31,Whey Protein,Protein,146,54.03,7888.38,0.1,1,UK,iHerb,,,,,,
2021-05-31,Collagen Peptides,Protein,173,57.51,9949.23,0.02,2,Canada,Amazon,,,,,,
2021-06-07,Whey Protein,Protein,139,55.42,7703.38,0.03,2,UK,iHerb,27,19,15,39,31,1
2021-06-07,Collagen Peptides,Protein,141,27.32,3852.12,0.24,4,UK,Walmart,,,,,,
2021-06-14,Whey Protein,Protein,139,44.15,6136.85,0.17,4,USA,Amazon,,,,,,
2021-06-14,Collagen Peptides,Protein,142,16.35,2321.7,0.23,3,USA,Walmart,,,,,,
2021-06-21,Whey Protein,Protein,123,31.81,3912.63,0.05,2,Canada,Walmart,,,,,,
2021-06-21,Collagen Peptides,Protein,143,18.7,2674.1,0.19,0,Canada,Amazon,,,,,,
2021-06-28,Whey Protein,Protein,170,56.07,9531.9,0.24,0,UK,Walmart,,,,,,
2021-06-28,Collagen Peptides,Protein,160,40.88,6540.8,0.16,0,USA,Walmart,,,,,,
2021-07-05,Whey Protein,Protein,175,33.13,5797.75,0.2,3,UK,iHerb,26,18,16,37,30,1
2021-07-05,Collagen Peptides,Protein,153,35.75,5469.75,0.04,2,Canada,Amazon,,,,,,
2021-07-12,Whey Protein,Protein,140,16.52,2312.8,0.08,0,Canada,iHerb,,,,,,
2021-07-12,Collagen Peptides,Protein,148,24.75,3663,0,0,UK,Walmart,,,,,,
2021-07-19,Whey Protein,Protein,170,19.28,3277.6,0.16,2,UK,Walmart,,,,,,
2021-07-19,Collagen Peptides,Protein,146,55.73,8136.58,0.02,2,USA,iHerb,,,,,,
2021-07-26,Whey Protein,Protein,150,52.37,7855.5,0,1,UK,Amazon,,,,,,
2021-07-26,Collagen Peptides,Protein,142,50.02,7102.84,0.11,2,Canada,iHerb,,,,,,
2021-08-02,Whey Protein,Protein,135,36.69,4953.15,0.04,0,Canada,iHerb,26,16,13,35,30,1
2021-08-02,Collagen Peptides,Protein,167,25.66,4285.22,0.19,1,Canada,iHerb,,,,,,
2021-08-09,Whey Protein,Protein,151,18.22,2751.22,0.2,2,UK,Walmart,,,,,,
2021-08-09,Collagen Peptides,Protein,157,30.74,4826.18,0.19,0,Canada,Walmart,,,,,,
2021-08-16,Whey Protein,Protein,173,31.95,5527.35,0.01,4,UK,Walmart,,,,,,
2021-08-16,Collagen Peptides,Protein,141,59.02,8321.82,0.12,0,UK,Walmart,,,,,,
2021-08-23,Whey Protein,Protein,146,18.57,2711.22,0.17,2,UK,Walmart,,,,,,
2021-08-23,Collagen Peptides,Protein,133,23.75,3158.75,0.02,1,Canada,Amazon,,,,,,
2021-08-30,Whey Protein,Protein,142,14.19,2014.98,0.01,1,USA,Walmart,,,,,,
2021-08-30,Collagen Peptides,Protein,119,38.78,4614.82,0.24,2,Canada,Walmart,,,,,,
2021-09-06,Whey Protein,Protein,150,24.45,3667.5,0.02,4,Canada,iHerb,27,16,12,34,30,1
2021-09-06,Collagen Peptides,Protein,147,58.08,8537.76,0.13,2,Canada,Amazon,,,,,,
2021-09-13,Whey Protein,Protein,133,45.1,5998.3,0.18,2,Canada,iHerb,,,,,,
2021-09-13,Collagen Peptides,Protein,146,33.8,4934.8,0.03,3,Canada,Amazon,,,,,,
2021-09-20,Whey Protein,Protein,135,25.49,3441.15,0.13,2,UK,iHerb,,,,,,
2021-09-20,Collagen Peptides,Protein,141,45.42,6404.22,0.09,1,Canada,iHerb,,,,,,
2021-09-27,Whey Protein,Protein,166,13.91,2309.06,0.2,3,Canada,Amazon,,,,,,
2021-09-27,Collagen Peptides,Protein,146,10.46,1527.16,0.12,1,Canada,iHerb,,,,,,
2021-10-04,Whey Protein,Protein,158,10.05,1587.9,0.18,0,USA,iHerb,26,15,11,33,27,1
2021-10-04,Collagen Peptides,Protein,142,15.61,2216.62,0.07,2,USA,Amazon,,,,,,
2021-10-11,Whey Protein,Protein,143,56.96,8145.28,0.17,0,Canada,Amazon,,,,,,
2021-10-11,Collagen Peptides,Protein,157,28.96,4546.72,0.09,2,UK,Walmart,,,,,,
2021-10-18,Whey Protein,Protein,137,42.68,5847.16,0.19,2,USA,Walmart,,,,,,
2021-10-18,Collagen Peptides,Protein,161,39.49,6357.89,0.05,1,USA,Amazon,,,,,,
2021-10-25,Whey Protein,Protein,146,58.36,8520.56,0.11,1,USA,Walmart,,,,,,
2021-10-25,Collagen Peptides,Protein,137,16.92,2318.04,0.19,1,USA,Amazon,,,,,,
2021-11-01,Whey Protein,Protein,160,18.78,3004.8,0.11,3,USA,Walmart,24,15,10,31,31,1
2021-11-01,Collagen Peptides,Protein,133,22.59,3004.47,0.19,4,Canada,Walmart,,,,,,
2021-11-08,Whey Protein,Protein,124,53.15,6590.6,0.12,0,USA,Walmart,,,,,,
2021-11-08,Collagen Peptides,Protein,159,45.89,7296.51,0.17,3,Canada,iHerb,,,,,,
2021-11-15,Whey Protein,Protein,174,10.61,1846.14,0.17,1,UK,Walmart,,,,,,
2021-11-15,Collagen Peptides,Protein,166,26.24,4355.84,0.07,0,UK,Amazon,,,,,,
2021-11-22,Whey Protein,Protein,156,54.68,8530.08,0.07,2,Canada,iHerb,,,,,,
2021-11-22,Collagen Peptides,Protein,153,42.79,6546.87,0.12,0,USA,Walmart,,,,,,
2021-11-29,Whey Protein,Protein,128,34.65,4435.2,0.21,1,USA,iHerb,,,,,,
2021-11-29,Collagen Peptides,Protein,147,34.91,5131.77,0.11,1,UK,iHerb,,,,,,
2021-12-06,Whey Protein,Protein,161,11.42,1838.62,0.16,4,Canada,Amazon,21,14,9,30,31,1
2021-12-06,Collagen Peptides,Protein,157,12.02,1887.14,0.1,4,UK,Amazon,,,,,,
2021-12-13,Whey Protein,Protein,149,53.71,8002.79,0.09,0,Canada,Amazon,,,,,,
2021-12-13,Collagen Peptides,Protein,134,17.1,2291.4,0.18,3,UK,Walmart,,,,,,
2021-12-20,Whey Protein,Protein,167,42.32,7067.44,0.14,0,Canada,Walmart,,,,,,
2021-12-20,Collagen Peptides,Protein,136,42.09,5724.24,0.12,3,USA,Walmart,,,,,,
2021-12-27,Whey Protein,Protein,158,24.73,3907.34,0.01,1,UK,iHerb,,,,,,
2021-12-27,Collagen Peptides,Protein,159,36.71,5836.89,0.17,3,UK,iHerb,,,,,,
2022-01-03,Whey Protein,Protein,130,12.33,1602.9,0.18,2,Canada,iHerb,34,19,15,42,35,2
2022-01-03,Collagen Peptides,Protein,156,30.19,4709.64,0.05,2,Canada,Walmart,,,,,,
2022-01-10,Whey Protein,Protein,149,20.72,3087.28,0.02,3,Canada,Amazon,,,,,,
2022-01-10,Collagen Peptides,Protein,148,49.93,7389.64,0.06,2,UK,Amazon,,,,,,
2022-01-17,Whey Protein,Protein,145,47.83,6935.35,0.15,1,USA,Amazon,,,,,,
2022-01-17,Collagen Peptides,Protein,149,31.68,4720.32,0.05,0,USA,Walmart,,,,,,
2022-01-24,Whey Protein,Protein,168,20.08,3373.44,0.11,1,Canada,Amazon,,,,,,
2022-01-24,Collagen Peptides,Protein,162,57.48,9311.76,0.08,0,Canada,iHerb,,,,,,
2022-01-31,Whey Protein,Protein,150,49.49,7423.5,0.16,2,Canada,Walmart,,,,,,
2022-01-31,Collagen Peptides,Protein,137,21.17,2900.29,0.02,3,UK,iHerb,,,,,,
2022-02-07,Whey Protein,Protein,156,52.46,8183.76,0.12,3,UK,Amazon,36,18,16,41,33,2
2022-02-07,Collagen Peptides,Protein,141,30.79,4341.39,0.18,2,USA,Walmart,,,,,,
2022-02-14,Whey Protein,Protein,145,25.01,3626.45,0.13,1,Canada,Walmart,,,,,,
2022-02-14,Collagen Peptides,Protein,152,56.41,8574.32,0.13,2,UK,iHerb,,,,,,
2022-02-21,Whey Protein,Protein,175,43.14,7549.5,0.17,1,USA,iHerb,,,,,,
2022-02-21,Collagen Peptides,Protein,154,55.08,8482.32,0.23,2,UK,Walmart,,,,,,
2022-02-28,Whey Protein,Protein,137,33.72,4619.64,0.09,1,Canada,Amazon,,,,,,
2022-02-28,Collagen Peptides,Protein,167,57.36,9579.12,0.09,1,USA,Amazon,,,,,,
2022-03-07,Whey Protein,Protein,148,51.85,7673.8,0.01,3,UK,Amazon,40,19,16,42,34,2
2022-03-07,Collagen Peptides,Protein,144,56.65,8157.6,0.06,2,UK,iHerb,,,,,,
2022-03-14,Whey Protein,Protein,128,30.8,3942.4,0.08,3,Canada,iHerb,,,,,,
2022-03-14,Collagen Peptides,Protein,147,55.25,8121.75,0.22,1,USA,Amazon,,,,,,
2022-03-21,Whey Protein,Protein,143,43.81,6264.83,0.09,1,UK,iHerb,,,,,,
2022-03-21,Collagen Peptides,Protein,162,32.53,5269.86,0.11,1,Canada,Amazon,,,,,,
2022-03-28,Whey Protein,Protein,168,41.98,7052.64,0.17,1,UK,iHerb,,,,,,
2022-03-28,Collagen Peptides,Protein,160,27.14,4342.4,0.1,4,USA,Walmart,,,,,,
2022-04-04,Whey Protein,Protein,157,26.84,4213.88,0.04,1,UK,Walmart,35,19,15,39,30,2
2022-04-04,Collagen Peptides,Protein,138,13.8,1904.4,0.17,1,Canada,Amazon,,,,,,
2022-04-11,Whey Protein,Protein,146,50.51,7374.46,0.21,3,USA,Amazon,,,,,,
2022-04-11,Collagen Peptides,Protein,134,18.86,2527.24,0.09,1,UK,Amazon,,,,,,
2022-04-18,Whey Protein,Protein,169,25.71,4344.99,0.24,1,USA,Amazon,,,,,,
2022-04-18,Collagen Peptides,Protein,156,16.2,2527.2,0.12,1,Canada,iHerb,,,,,,
2022-04-25,Whey Protein,Protein,130,21.98,2857.4,0.21,3,Canada,Amazon,,,,,,
2022-04-25,Collagen Peptides,Protein,131,58,7598,0.01,4,Canada,Amazon,,,,,,
2022-05-02,Whey Protein,Protein,166,21.91,3637.06,0.21,2,UK,iHerb,34,18,14,38,30,3
2022-05-02,Collagen Peptides,Protein,147,19.47,2862.09,0.14,0,Canada,Amazon,,,,,,
2022-05-09,Whey Protein,Protein,149,49.45,7368.05,0.19,1,Canada,Walmart,,,,,,
2022-05-09,Collagen Peptides,Protein,146,28.84,4210.64,0.16,1,UK,Walmart,,,,,,
2022-05-16,Whey Protein,Protein,143,16.52,2362.36,0.19,0,UK,Walmart,,,,,,
2022-05-16,Collagen Peptides,Protein,156,48.81,7614.36,0.13,3,Canada,iHerb,,,,,,
2022-05-23,Whey Protein,Protein,141,34.55,4871.55,0.15,0,Canada,iHerb,,,,,,
2022-05-23,Collagen Peptides,Protein,161,42.99,6921.39,0.08,1,Canada,iHerb,,,,,,
2022-05-30,Whey Protein,Protein,151,25.65,3873.15,0.14,1,UK,Amazon,,,,,,
2022-05-30,Collagen Peptides,Protein,135,43.95,5933.25,0.21,1,USA,iHerb,,,,,,
2022-06-06,Whey Protein,Protein,142,20.88,2964.96,0.03,1,USA,iHerb,30,19,14,39,33,3
2022-06-06,Collagen Peptides,Protein,138,26.07,3597.66,0.25,0,USA,Walmart,,,,,,
2022-06-13,Whey Protein,Protein,155,34.32,5319.6,0.03,1,Canada,iHerb,,,,,,
2022-06-13,Collagen Peptides,Protein,177,54.07,9570.39,0.16,1,USA,Walmart,,,,,,
2022-06-20,Whey Protein,Protein,150,13.21,1981.5,0.13,2,Canada,Amazon,,,,,,
2022-06-20,Collagen Peptides,Protein,128,39.14,5009.92,0.01,1,UK,Walmart,,,,,,
2022-06-27,Whey Protein,Protein,136,43.09,5860.24,0.14,0,USA,iHerb,,,,,,
2022-06-27,Collagen Peptides,Protein,137,42.83,5867.71,0.21,1,UK,iHerb,,,,,,
2022-07-04,Whey Protein,Protein,147,51.19,7524.93,0.12,2,USA,Amazon,32,18,14,39,34,3
2022-07-04,Collagen Peptides,Protein,138,52.7,7272.6,0.14,1,UK,Amazon,,,,,,
2022-07-11,Whey Protein,Protein,160,37.65,6024,0.12,0,Canada,Walmart,,,,,,
2022-07-11,Collagen Peptides,Protein,166,31.32,5199.12,0.23,1,UK,Walmart,,,,,,
2022-07-18,Whey Protein,Protein,163,13.04,2125.52,0.06,1,Canada,Walmart,,,,,,
2022-07-18,Collagen Peptides,Protein,136,38.28,5206.08,0.16,2,UK,iHerb,,,,,,
2022-07-25,Whey Protein,Protein,142,51.04,7247.68,0.07,2,UK,Amazon,,,,,,
2022-07-25,Collagen Peptides,Protein,144,20.24,2914.56,0.08,0,UK,Amazon,,,,,,
2022-08-01,Whey Protein,Protein,167,57.65,9627.55,0.07,1,UK,Amazon,34,18,14,36,33,4
2022-08-01,Collagen Peptides,Protein,142,14.66,2081.72,0.01,0,Canada,Amazon,,,,,,
2022-08-08,Whey Protein,Protein,148,30.59,4527.32,0.18,0,USA,iHerb,,,,,,
2022-08-08,Collagen Peptides,Protein,153,11.07,1693.71,0.18,4,Canada,Walmart,,,,,,
2022-08-15,Whey Protein,Protein,154,37.05,5705.7,0.23,4,Canada,Walmart,,,,,,
2022-08-15,Collagen Peptides,Protein,152,37,5624,0.05,1,USA,Amazon,,,,,,
2022-08-22,Whey Protein,Protein,154,13.19,2031.26,0.08,1,USA,iHerb,,,,,,
2022-08-22,Collagen Peptides,Protein,141,15.4,2171.4,0.23,1,Canada,Walmart,,,,,,
2022-08-29,Whey Protein,Protein,141,33.56,4731.96,0.01,0,USA,iHerb,,,,,,
2022-08-29,Collagen Peptides,Protein,159,12.32,1958.88,0.14,1,UK,Walmart,,,,,,
2022-09-05,Whey Protein,Protein,162,19.45,3150.9,0.19,0,UK,iHerb,34,17,12,33,30,3
2022-09-05,Collagen Peptides,Protein,148,37.75,5587,0.06,0,UK,Amazon,,,,,,
2022-09-12,Whey Protein,Protein,159,40.64,6461.76,0.17,1,USA,Walmart,,,,,,
2022-09-12,Collagen Peptides,Protein,175,52.18,9131.5,0.13,3,UK,Walmart,,,,,,
2022-09-19,Whey Protein,Protein,149,21.08,3140.92,0.05,4,Canada,Walmart,,,,,,
2022-09-19,Collagen Peptides,Protein,161,14.33,2307.13,0.15,2,USA,Walmart,,,,,,
2022-09-26,Whey Protein,Protein,142,50.29,7141.18,0,1,Canada,iHerb,,,,,,
2022-09-26,Collagen Peptides,Protein,135,59.25,7998.75,0.02,1,UK,iHerb,,,,,,
2022-10-03,Whey Protein,Protein,160,24.61,3937.6,0.23,2,UK,Amazon,32,17,12,32,30,5
2022-10-03,Collagen Peptides,Protein,145,13.51,1958.95,0.25,2,UK,Walmart,,,,,,
2022-10-10,Whey Protein,Protein,133,22.93,3049.69,0.07,4,Canada,iHerb,,,,,,
2022-10-10,Collagen Peptides,Protein,153,42.87,6559.11,0,0,Canada,Walmart,,,,,,
2022-10-17,Whey Protein,Protein,162,37.28,6039.36,0.04,1,USA,Walmart,,,,,,
2022-10-17,Collagen Peptides,Protein,163,19.35,3154.05,0.14,1,USA,Walmart,,,,,,
2022-10-24,Whey Protein,Protein,147,47.83,7031.01,0.21,3,USA,Amazon,,,,,,
2022-10-24,Collagen Peptides,Protein,131,17.68,2316.08,0.19,2,UK,Amazon,,,,,,
2022-10-31,Whey Protein,Protein,165,47.93,7908.45,0.02,0,Canada,Amazon,,,,,,
2022-10-31,Collagen Peptides,Protein,148,13.49,1996.52,0.21,2,USA,Walmart,,,,,,
2022-11-07,Whey Protein,Protein,147,24.84,3651.48,0.04,0,Canada,iHerb,29,15,10,31,34,6
2022-11-07,Collagen Peptides,Protein,164,25.23,4137.72,0.01,4,UK,iHerb,,,,,,
2022-11-14,Whey Protein,Protein,187,57.55,10761.85,0.13,2,USA,Amazon,,,,,,
2022-11-14,Collagen Peptides,Protein,140,59.27,8297.8,0.09,1,USA,Amazon,,,,,,
2022-11-21,Whey Protein,Protein,167,56.62,9455.54,0.16,4,USA,Walmart,,,,,,
2022-11-21,Collagen Peptides,Protein,152,25.39,3859.28,0.03,2,Canada,Walmart,,,,,,
2022-11-28,Whey Protein,Protein,153,46.69,7143.57,0.25,3,Canada,Amazon,,,,,,
2022-11-28,Collagen Peptides,Protein,167,19.54,3263.18,0.17,2,USA,Amazon,,,,,,
2022-12-05,Whey Protein,Protein,150,15.43,2314.5,0.2,0,USA,Amazon,28,17,10,31,35,6
2022-12-05,Collagen Peptides,Protein,152,36.68,5575.36,0.03,3,UK,iHerb,,,,,,
2022-12-12,Whey Protein,Protein,151,31.99,4830.49,0.19,1,UK,Walmart,,,,,,
2022-12-12,Collagen Peptides,Protein,147,58.27,8565.69,0.2,4,UK,Walmart,,,,,,
2022-12-19,Whey Protein,Protein,139,21.52,2991.28,0.14,2,Canada,Walmart,,,,,,
2022-12-19,Collagen Peptides,Protein,153,30.99,4741.47,0.22,1,UK,Amazon,,,,,,
2022-12-26,Whey Protein,Protein,150,56.79,8518.5,0.11,0,USA,Walmart,,,,,,
2022-12-26,Collagen Peptides,Protein,148,30.57,4524.36,0.15,7,Canada,iHerb,,,,,,
2023-01-02,Whey Protein,Protein,150,13.38,2007,0.04,5,UK,Walmart,39,25,15,41,40,9
2023-01-02,Collagen Peptides,Protein,145,53.52,7760.4,0.19,0,UK,Amazon,,,,,,
2023-01-09,Whey Protein,Protein,139,32.85,4566.15,0.1,1,USA,Amazon,,,,,,
2023-01-09,Collagen Peptides,Protein,170,48.54,8251.8,0.03,0,USA,Walmart,,,,,,
2023-01-16,Whey Protein,Protein,178,26.34,4688.52,0.07,2,USA,Walmart,,,,,,
2023-01-16,Collagen Peptides,Protein,140,53.29,7460.6,0.23,5,UK,iHerb,,,,,,
2023-01-23,Whey Protein,Protein,153,41.83,6399.99,0.07,0,USA,iHerb,,,,,,
2023-01-23,Collagen Peptides,Protein,140,42.69,5976.6,0.02,2,UK,Walmart,,,,,,
2023-01-30,Whey Protein,Protein,158,29.75,4700.5,0.14,1,UK,Amazon,,,,,,
2023-01-30,Collagen Peptides,Protein,140,33.33,4666.2,0.22,0,USA,Amazon,,,,,,
2023-02-06,Whey Protein,Protein,154,53.22,8195.88,0.07,2,UK,iHerb,41,23,15,37,37,11
2023-02-06,Collagen Peptides,Protein,159,12.74,2025.66,0.19,2,USA,Amazon,,,,,,
2023-02-13,Whey Protein,Protein,168,33.26,5587.68,0.02,0,Canada,Amazon,,,,,,
2023-02-13,Collagen Peptides,Protein,144,55.94,8055.36,0.22,3,UK,Walmart,,,,,,
2023-02-20,Whey Protein,Protein,134,47.35,6344.9,0.05,1,UK,iHerb,,,,,,
2023-02-20,Collagen Peptides,Protein,168,22.45,3771.6,0.23,3,Canada,Amazon,,,,,,
2023-02-27,Whey Protein,Protein,160,56.5,9040,0.03,1,USA,Walmart,,,,,,
2023-02-27,Collagen Peptides,Protein,160,56.13,8980.8,0.09,1,USA,iHerb,,,,,,
2023-03-06,Whey Protein,Protein,145,21.32,3091.4,0.22,4,UK,iHerb,41,23,14,40,35,12
2023-03-06,Collagen Peptides,Protein,133,40.41,5374.53,0.18,1,UK,iHerb,,,,,,
2023-03-13,Whey Protein,Protein,137,17.9,2452.3,0.23,0,USA,Amazon,,,,,,
2023-03-13,Collagen Peptides,Protein,142,44.01,6249.42,0.22,0,Canada,Walmart,,,,,,
2023-03-20,Whey Protein,Protein,145,22.61,3278.45,0.22,1,Canada,Amazon,,,,,,
2023-03-20,Collagen Peptides,Protein,137,42.87,5873.19,0.22,3,Canada,Walmart,,,,,,
2023-03-27,Whey Protein,Protein,157,22.67,3559.19,0.22,1,UK,Walmart,,,,,,
2023-03-27,Collagen Peptides,Protein,131,23.39,3064.09,0.14,4,USA,Walmart,,,,,,
2023-04-03,Whey Protein,Protein,174,24.85,4323.9,0.06,3,Canada,Walmart,40,23,14,38,33,12
2023-04-03,Collagen Peptides,Protein,154,31.06,4783.24,0.21,1,USA,Amazon,,,,,,
2023-04-10,Whey Protein,Protein,150,26.3,3945,0.16,0,Canada,Walmart,,,,,,
2023-04-10,Collagen Peptides,Protein,148,56.17,8313.16,0.15,0,USA,iHerb,,,,,,
2023-04-17,Whey Protein,Protein,146,41.72,6091.12,0.15,1,UK,Amazon,,,,,,
2023-04-17,Collagen Peptides,Protein,145,38.12,5527.4,0.03,0,USA,Amazon,,,,,,
2023-04-24,Whey Protein,Protein,144,22.57,3250.08,0.08,2,USA,Walmart,,,,,,
2023-04-24,Collagen Peptides,Protein,142,50.3,7142.6,0.06,1,Canada,Amazon,,,,,,
2023-05-01,Whey Protein,Protein,142,50.78,7210.76,0.04,0,USA,iHerb,39,22,13,35,34,15
2023-05-01,Collagen Peptides,Protein,166,34.04,5650.64,0.23,2,USA,Amazon,,,,,,
2023-05-08,Whey Protein,Protein,159,55.15,8768.85,0.23,1,UK,Amazon,,,,,,
2023-05-08,Collagen Peptides,Protein,138,27.31,3768.78,0.13,0,Canada,Walmart,,,,,,
2023-05-15,Whey Protein,Protein,146,53.57,7821.22,0.13,1,Canada,Walmart,,,,,,
2023-05-15,Collagen Peptides,Protein,165,17.44,2877.6,0.14,2,UK,Amazon,,,,,,
2023-05-22,Whey Protein,Protein,164,49.73,8155.72,0.05,3,USA,Walmart,,,,,,
2023-05-22,Collagen Peptides,Protein,145,53.91,7816.95,0.24,2,USA,Walmart,,,,,,
2023-05-29,Whey Protein,Protein,158,39.62,6259.96,0.17,0,USA,iHerb,,,,,,
2023-05-29,Collagen Peptides,Protein,139,35.2,4892.8,0.2,2,USA,Amazon,,,,,,
2023-06-05,Whey Protein,Protein,156,46.72,7288.32,0.18,1,Canada,Amazon,39,22,13,37,34,16
2023-06-05,Collagen Peptides,Protein,154,47,7238,0.17,3,Canada,Walmart,,,,,,
2023-06-12,Whey Protein,Protein,167,54.69,9133.23,0.22,1,UK,Walmart,,,,,,
2023-06-12,Collagen Peptides,Protein,129,38.54,4971.66,0.23,1,UK,Walmart,,,,,,
2023-06-19,Whey Protein,Protein,152,49.72,7557.44,0.06,1,USA,Amazon,,,,,,
2023-06-19,Collagen Peptides,Protein,135,30.5,4117.5,0.2,2,Canada,Walmart,,,,,,
2023-06-26,Whey Protein,Protein,163,31.37,5113.31,0.06,0,Canada,iHerb,,,,,,
2023-06-26,Collagen Peptides,Protein,159,41.1,6534.9,0.02,2,Canada,Walmart,,,,,,
2023-07-03,Whey Protein,Protein,147,38.28,5627.16,0.2,0,Canada,Amazon,37,21,12,35,35,13
2023-07-03,Collagen Peptides,Protein,152,53.75,8170,0.2,2,Canada,Walmart,,,,,,
2023-07-10,Whey Protein,Protein,138,46.62,6433.56,0.17,2,Canada,iHerb,,,,,,
2023-07-10,Collagen Peptides,Protein,185,46.06,8521.1,0.19,1,Canada,iHerb,,,,,,
2023-07-17,Whey Protein,Protein,171,24.78,4237.38,0.24,1,USA,Amazon,,,,,,
2023-07-17,Collagen Peptides,Protein,149,31.09,4632.41,0,5,UK,Amazon,,,,,,
2023-07-24,Whey Protein,Protein,137,17,2329,0.1,0,Canada,Walmart,,,,,,
2023-07-24,Collagen Peptides,Protein,147,29.67,4361.49,0.18,3,Canada,Walmart,,,,,,
2023-07-31,Whey Protein,Protein,140,49.12,6876.8,0.18,0,USA,Walmart,,,,,,
2023-07-31,Collagen Peptides,Protein,148,10.82,1601.36,0.04,1,UK,Walmart,,,,,,
2023-08-07,Whey Protein,Protein,158,39.56,6250.48,0.24,0,USA,Walmart,38,20,12,33,33,12
2023-08-07,Collagen Peptides,Protein,136,37.07,5041.52,0.15,1,USA,Amazon,,,,,,
2023-08-14,Whey Protein,Protein,146,45.42,6631.32,0.21,1,Canada,Walmart,,,,,,
2023-08-14,Collagen Peptides,Protein,126,40.35,5084.1,0.03,1,UK,Amazon,,,,,,
2023-08-21,Whey Protein,Protein,147,57.13,8398.11,0.04,1,Canada,Walmart,,,,,,
2023-08-21,Collagen Peptides,Protein,151,12.85,1940.35,0.1,3,Canada,Amazon,,,,,,
2023-08-28,Whey Protein,Protein,154,29.71,4575.34,0.08,1,USA,Walmart,,,,,,
2023-08-28,Collagen Peptides,Protein,158,46.93,7414.94,0.12,1,UK,iHerb,,,,,,
2023-09-04,Whey Protein,Protein,157,32.65,5126.05,0.19,3,UK,Walmart,38,18,12,34,31,10
2023-09-04,Collagen Peptides,Protein,138,42.49,5863.62,0.23,2,Canada,iHerb,,,,,,
2023-09-11,Whey Protein,Protein,147,35.3,5189.1,0.02,0,USA,iHerb,,,,,,
2023-09-11,Collagen Peptides,Protein,148,25.95,3840.6,0.11,2,USA,Amazon,,,,,,
2023-09-18,Whey Protein,Protein,160,43.53,6964.8,0.11,3,Canada,Amazon,,,,,,
2023-09-18,Collagen Peptides,Protein,135,39.63,5350.05,0.09,0,USA,iHerb,,,,,,
2023-09-25,Whey Protein,Protein,178,14.38,2559.64,0.12,3,UK,Walmart,,,,,,
2023-09-25,Collagen Peptides,Protein,140,48.99,6858.6,0.06,1,USA,iHerb,,,,,,
2023-10-02,Whey Protein,Protein,143,57.08,8162.44,0.08,1,UK,Walmart,38,18,11,32,30,11
2023-10-02,Collagen Peptides,Protein,144,34.48,4965.12,0.24,4,Canada,Amazon,,,,,,
2023-10-09,Whey Protein,Protein,166,21.27,3530.82,0.17,1,Canada,iHerb,,,,,,
2023-10-09,Collagen Peptides,Protein,151,59.48,8981.48,0.03,0,Canada,Walmart,,,,,,
2023-10-16,Whey Protein,Protein,158,18.02,2847.16,0.22,1,Canada,Amazon,,,,,,
2023-10-16,Collagen Peptides,Protein,157,16.76,2631.32,0.08,1,UK,iHerb,,,,,,
2023-10-23,Whey Protein,Protein,150,28.86,4329,0.05,2,Canada,Walmart,,,,,,
2023-10-23,Collagen Peptides,Protein,153,19.58,2995.74,0.24,1,UK,Walmart,,,,,,
2023-10-30,Whey Protein,Protein,144,12.26,1765.44,0.1,1,UK,Amazon,,,,,,
2023-10-30,Collagen Peptides,Protein,136,12.53,1704.08,0.14,1,Canada,iHerb,,,,,,
2023-11-06,Whey Protein,Protein,153,46.82,7163.46,0.24,0,USA,Amazon,36,18,10,31,32,11
2023-11-06,Collagen Peptides,Protein,142,37.07,5263.94,0.23,0,Canada,Walmart,,,,,,
2023-11-13,Whey Protein,Protein,142,10.25,1455.5,0.1,2,Canada,Amazon,,,,,,
2023-11-13,Collagen Peptides,Protein,148,44.13,6531.24,0.01,1,UK,Walmart,,,,,,
2023-11-20,Whey Protein,Protein,155,30.6,4743,0.04,0,USA,iHerb,,,,,,
2023-11-20,Collagen Peptides,Protein,126,48,6048,0.11,2,Canada,Walmart,,,,,,
2023-11-27,Whey Protein,Protein,137,35.25,4829.25,0.03,0,Canada,Amazon,,,,,,
2023-11-27,Collagen Peptides,Protein,135,38.86,5246.1,0.07,2,Canada,iHerb,,,,,,
2023-12-04,Whey Protein,Protein,143,23.79,3401.97,0.01,3,Canada,iHerb,31,20,10,30,33,12
2023-12-04,Collagen Peptides,Protein,158,51.45,8129.1,0.07,3,USA,Walmart,,,,,,
2023-12-11,Whey Protein,Protein,142,35.15,4991.3,0.12,0,UK,Walmart,,,,,,
2023-12-11,Collagen Peptides,Protein,120,29.83,3579.6,0.11,3,USA,Amazon,,,,,,
2023-12-18,Whey Protein,Protein,146,10.28,1500.88,0.25,4,UK,iHerb,,,,,,
2023-12-18,Collagen Peptides,Protein,159,26.98,4289.82,0.09,4,USA,Amazon,,,,,,
2023-12-25,Whey Protein,Protein,152,48.88,7429.76,0.07,0,UK,Walmart,,,,,,
2023-12-25,Collagen Peptides,Protein,140,56.41,7897.4,0.13,0,USA,iHerb,,,,,,
2024-01-01,Whey Protein,Protein,140,58.59,8202.6,0.04,1,UK,Amazon,48,24,13,39,40,13
2024-01-01,Collagen Peptides,Protein,161,27.2,4379.2,0.22,0,USA,Walmart,,,,,,
2024-01-08,Whey Protein,Protein,149,52.31,7794.19,0.11,2,USA,iHerb,,,,,,
2024-01-08,Collagen Peptides,Protein,159,40.29,6406.11,0.07,3,UK,iHerb,,,,,,
2024-01-15,Whey Protein,Protein,148,53.47,7913.56,0.12,4,Canada,iHerb,,,,,,
2024-01-15,Collagen Peptides,Protein,155,22.76,3527.8,0.15,2,USA,Walmart,,,,,,
2024-01-22,Whey Protein,Protein,158,30.68,4847.44,0.09,2,USA,iHerb,,,,,,
2024-01-22,Collagen Peptides,Protein,152,31.33,4762.16,0.02,3,Canada,iHerb,,,,,,
2024-01-29,Whey Protein,Protein,149,23.06,3435.94,0.08,3,Canada,Walmart,,,,,,
2024-01-29,Collagen Peptides,Protein,141,16.95,2389.95,0.09,1,USA,iHerb,,,,,,
2024-02-05,Whey Protein,Protein,144,38.98,5613.12,0.18,0,USA,Walmart,47,20,12,37,36,13
2024-02-05,Collagen Peptides,Protein,157,18.19,2855.83,0.02,2,Canada,Amazon,,,,,,
2024-02-12,Whey Protein,Protein,144,34.1,4910.4,0.18,4,USA,iHerb,,,,,,
2024-02-12,Collagen Peptides,Protein,126,25.68,3235.68,0.05,1,Canada,Walmart,,,,,,
2024-02-19,Whey Protein,Protein,139,35.15,4885.85,0.12,2,UK,Amazon,,,,,,
2024-02-19,Collagen Peptides,Protein,142,25.52,3623.84,0.01,3,USA,iHerb,,,,,,
2024-02-26,Whey Protein,Protein,148,59.44,8797.12,0.02,0,USA,iHerb,,,,,,
2024-02-26,Collagen Peptides,Protein,139,22.04,3063.56,0.09,2,USA,Walmart,,,,,,
2024-03-04,Whey Protein,Protein,163,32.01,5217.63,0.15,0,Canada,iHerb,44,23,12,35,34,16
2024-03-04,Collagen Peptides,Protein,158,52.73,8331.34,0.02,3,UK,iHerb,,,,,,
2024-03-11,Whey Protein,Protein,160,37.56,6009.6,0.24,5,USA,Walmart,,,,,,
2024-03-11,Collagen Peptides,Protein,153,25.42,3889.26,0.21,2,Canada,iHerb,,,,,,
2024-03-18,Whey Protein,Protein,168,30.3,5090.4,0.2,2,USA,Walmart,,,,,,
2024-03-18,Collagen Peptides,Protein,146,36.18,5282.28,0.03,1,USA,Amazon,,,,,,
2024-03-25,Whey Protein,Protein,148,13.23,1958.04,0.12,1,UK,iHerb,,,,,,
2024-03-25,Collagen Peptides,Protein,153,49.39,7556.67,0.01,3,USA,iHerb,,,,,,
2024-04-01,Whey Protein,Protein,148,27.26,4034.48,0.09,3,USA,Amazon,45,22,13,37,32,16
2024-04-01,Collagen Peptides,Protein,162,52.23,8461.26,0.15,0,USA,Walmart,,,,,,
2024-04-08,Whey Protein,Protein,128,39.7,5081.6,0.07,2,Canada,iHerb,,,,,,
2024-04-08,Collagen Peptides,Protein,148,14.84,2196.32,0.19,0,Canada,iHerb,,,,,,
2024-04-15,Whey Protein,Protein,153,52.13,7975.89,0.15,1,Canada,Walmart,,,,,,
2024-04-15,Collagen Peptides,Protein,173,44.3,7663.9,0.15,2,USA,iHerb,,,,,,
2024-04-22,Whey Protein,Protein,162,36.63,5934.06,0.06,1,Canada,Walmart,,,,,,
2024-04-22,Collagen Peptides,Protein,167,51.64,8623.88,0.17,0,UK,iHerb,,,,,,
2024-04-29,Whey Protein,Protein,155,41.69,6461.95,0.18,0,USA,Walmart,,,,,,
2024-04-29,Collagen Peptides,Protein,141,24.7,3482.7,0.09,0,Canada,Amazon,,,,,,
2024-05-06,Whey Protein,Protein,163,19.82,3230.66,0.08,2,USA,Walmart,42,22,12,35,33,18
2024-05-06,Collagen Peptides,Protein,164,31.91,5233.24,0.12,1,USA,Amazon,,,,,,
2024-05-13,Whey Protein,Protein,149,44.34,6606.66,0.01,1,Canada,iHerb,,,,,,
2024-05-13,Collagen Peptides,Protein,136,49.16,6685.76,0.02,0,UK,Amazon,,,,,,
2024-05-20,Whey Protein,Protein,136,13.19,1793.84,0.07,1,UK,iHerb,,,,,,
2024-05-20,Collagen Peptides,Protein,141,32.54,4588.14,0.03,0,Canada,iHerb,,,,,,
2024-05-27,Whey Protein,Protein,130,58.64,7623.2,0.13,1,Canada,Amazon,,,,,,
2024-05-27,Collagen Peptides,Protein,133,57.39,7632.87,0.2,1,UK,iHerb,,,,,,
2024-06-03,Whey Protein,Protein,138,56.88,7849.44,0.05,1,Canada,Amazon,43,20,13,34,35,16
2024-06-03,Collagen Peptides,Protein,159,51.58,8201.22,0.21,3,USA,Walmart,,,,,,
2024-06-10,Whey Protein,Protein,143,33.77,4829.11,0.02,2,Canada,Amazon,,,,,,
2024-06-10,Collagen Peptides,Protein,148,14.37,2126.76,0.18,3,USA,iHerb,,,,,,
2024-06-17,Whey Protein,Protein,138,38.85,5361.3,0.02,2,Canada,Walmart,,,,,,
2024-06-17,Collagen Peptides,Protein,135,40.37,5449.95,0.05,1,USA,Walmart,,,,,,
2024-06-24,Whey Protein,Protein,130,49.65,6454.5,0.08,1,USA,Walmart,,,,,,
2024-06-24,Collagen Peptides,Protein,160,34.47,5515.2,0,4,UK,Walmart,,,,,,
2024-07-01,Whey Protein,Protein,144,12.69,1827.36,0.25,3,UK,iHerb,43,20,12,33,33,14
2024-07-01,Collagen Peptides,Protein,146,24.64,3597.44,0.25,1,UK,iHerb,,,,,,
2024-07-08,Whey Protein,Protein,158,39.53,6245.74,0.13,2,Canada,Walmart,,,,,,
2024-07-08,Collagen Peptides,Protein,142,36.16,5134.72,0.17,2,Canada,iHerb,,,,,,
2024-07-15,Whey Protein,Protein,149,39.86,5939.14,0.17,1,Canada,iHerb,,,,,,
2024-07-15,Collagen Peptides,Protein,144,39.31,5660.64,0.06,2,UK,iHerb,,,,,,
2024-07-22,Whey Protein,Protein,154,38.07,5862.78,0.21,2,USA,iHerb,,,,,,
2024-07-22,Collagen Peptides,Protein,140,44.32,6204.8,0.19,2,Canada,Amazon,,,,,,
2024-07-29,Whey Protein,Protein,151,29.21,4410.71,0.15,2,Canada,iHerb,,,,,,
2024-07-29,Collagen Peptides,Protein,147,52.41,7704.27,0.08,3,UK,iHerb,,,,,,
2024-08-05,Whey Protein,Protein,168,58.13,9765.84,0.2,3,UK,Walmart,44,17,11,32,34,13
2024-08-05,Collagen Peptides,Protein,146,34.44,5028.24,0.13,0,USA,iHerb,,,,,,
2024-08-12,Whey Protein,Protein,126,16.3,2053.8,0.21,2,UK,Walmart,,,,,,
2024-08-12,Collagen Peptides,Protein,163,56.12,9147.56,0.18,3,USA,Amazon,,,,,,
2024-08-19,Whey Protein,Protein,163,51.22,8348.86,0.18,3,UK,iHerb,,,,,,
2024-08-19,Collagen Peptides,Protein,163,30.66,4997.58,0.19,5,Canada,Amazon,,,,,,
2024-08-26,Whey Protein,Protein,165,13.07,2156.55,0.06,3,USA,Amazon,,,,,,
2024-08-26,Collagen Peptides,Protein,152,11.18,1699.36,0.23,2,UK,Amazon,,,,,,
2024-09-02,Whey Protein,Protein,153,50.66,7750.98,0.08,4,UK,Walmart,46,18,11,31,30,14
2024-09-02,Collagen Peptides,Protein,145,43.3,6278.5,0.2,0,USA,iHerb,,,,,,
2024-09-09,Whey Protein,Protein,175,42.82,7493.5,0.1,1,USA,Amazon,,,,,,
2024-09-09,Collagen Peptides,Protein,150,35.37,5305.5,0.01,3,UK,iHerb,,,,,,
2024-09-16,Whey Protein,Protein,143,32.74,4681.82,0.14,0,UK,iHerb,,,,,,
2024-09-16,Collagen Peptides,Protein,163,31.37,5113.31,0.23,1,UK,Amazon,,,,,,
2024-09-23,Whey Protein,Protein,158,27.31,4314.98,0.02,1,Canada,iHerb,,,,,,
2024-09-23,Collagen Peptides,Protein,150,48.05,7207.5,0.18,1,Canada,iHerb,,,,,,
2024-09-30,Whey Protein,Protein,153,17.53,2682.09,0.24,2,Canada,iHerb,,,,,,
2024-09-30,Collagen Peptides,Protein,144,15.41,2219.04,0.14,2,USA,iHerb,,,,,,
2024-10-07,Whey Protein,Protein,140,27.68,3875.2,0.23,2,Canada,Amazon,44,17,11,32,29,12
2024-10-07,Collagen Peptides,Protein,145,41.69,6045.05,0.05,1,UK,Walmart,,,,,,
2024-10-14,Whey Protein,Protein,146,16.33,2384.18,0.17,0,UK,iHerb,,,,,,
2024-10-14,Collagen Peptides,Protein,139,17.32,2407.48,0.1,0,Canada,Walmart,,,,,,
2024-10-21,Whey Protein,Protein,156,29.99,4678.44,0.19,1,USA,Walmart,,,,,,
2024-10-21,Collagen Peptides,Protein,178,36.84,6557.52,0.16,2,Canada,iHerb,,,,,,
2024-10-28,Whey Protein,Protein,150,27.01,4051.5,0.04,4,UK,Amazon,,,,,,
2024-10-28,Collagen Peptides,Protein,145,40.55,5879.75,0.02,2,USA,iHerb,,,,,,
2024-11-04,Whey Protein,Protein,156,35.2,5491.2,0.24,2,UK,Amazon,37,17,10,30,33,12
2024-11-04,Collagen Peptides,Protein,185,55.08,10189.8,0.15,0,Canada,Amazon,,,,,,
2024-11-11,Whey Protein,Protein,163,41.55,6772.65,0.1,1,USA,Amazon,,,,,,
2024-11-11,Collagen Peptides,Protein,137,17.75,2431.75,0.14,0,UK,Walmart,,,,,,
2024-11-18,Whey Protein,Protein,153,52.7,8063.1,0.24,1,USA,iHerb,,,,,,
2024-11-18,Collagen Peptides,Protein,162,12.1,1960.2,0.05,1,Canada,iHerb,,,,,,
2024-11-25,Whey Protein,Protein,159,13.36,2124.24,0.05,4,UK,Walmart,,,,,,
2024-11-25,Collagen Peptides,Protein,168,38.67,6496.56,0.24,5,USA,Walmart,,,,,,
2024-12-02,Whey Protein,Protein,168,36.57,6143.76,0.17,1,Canada,iHerb,36,17,9,30,36,12
2024-12-02,Collagen Peptides,Protein,148,36.96,5470.08,0.04,1,USA,Amazon,,,,,,
2024-12-09,Whey Protein,Protein,150,44.73,6709.5,0.25,1,UK,iHerb,,,,,,
2024-12-09,Collagen Peptides,Protein,143,42.22,6037.46,0.05,1,USA,Amazon,,,,,,
2024-12-16,Whey Protein,Protein,143,21.8,3117.4,0.07,5,USA,iHerb,,,,,,
2024-12-16,Collagen Peptides,Protein,160,25.4,4064,0.1,1,USA,iHerb,,,,,,
2024-12-23,Whey Protein,Protein,169,52.01,8789.69,0.21,1,USA,Amazon,,,,,,
2024-12-23,Collagen Peptides,Protein,136,27.11,3686.96,0.03,1,Canada,Walmart,,,,,,
2024-12-30,Whey Protein,Protein,131,14.33,1877.23,0.07,0,UK,Walmart,,,,,,
2024-12-30,Collagen Peptides,Protein,156,59.48,9278.88,0.13,1,UK,Walmart,,,,,,
2025-01-06,Whey Protein,Protein,148,10.85,1605.8,0.15,3,Canada,Amazon,57,21,13,38,42,12
2025-01-06,Collagen Peptides,Protein,136,35.43,4818.48,0.01,0,Canada,Amazon,,,,,,
2025-01-13,Whey Protein,Protein,138,23.26,3209.88,0.11,2,UK,iHerb,,,,,,
2025-01-13,Collagen Peptides,Protein,145,14.81,2147.45,0.18,0,Canada,Walmart,,,,,,
2025-01-20,Whey Protein,Protein,155,39.79,6167.45,0.21,3,UK,Amazon,,,,,,
2025-01-20,Collagen Peptides,Protein,143,34.44,4924.92,0.04,2,Canada,iHerb,,,,,,
2025-01-27,Whey Protein,Protein,170,59.39,10096.3,0.15,0,Canada,Amazon,,,,,,
2025-01-27,Collagen Peptides,Protein,131,47.34,6201.54,0.1,2,UK,iHerb,,,,,,
2025-02-03,Whey Protein,Protein,177,43.75,7743.75,0.14,1,UK,Walmart,56,21,13,36,39,12
2025-02-03,Collagen Peptides,Protein,155,59.11,9162.05,0.24,3,Canada,Amazon,,,,,,
2025-02-10,Whey Protein,Protein,158,40.75,6438.5,0.11,0,UK,iHerb,,,,,,
2025-02-10,Collagen Peptides,Protein,145,52.15,7561.75,0.04,3,Canada,iHerb,,,,,,
2025-02-17,Whey Protein,Protein,145,25.28,3665.6,0.06,1,USA,Walmart,,,,,,
2025-02-17,Collagen Peptides,Protein,155,34.72,5381.6,0.01,0,USA,Walmart,,,,,,
2025-02-24,Whey Protein,Protein,150,34.73,5209.5,0.03,2,USA,Walmart,,,,,,
2025-02-24,Collagen Peptides,Protein,137,51.82,7099.34,0.22,0,Canada,iHerb,,,,,,
2025-03-03,Whey Protein,Protein,160,27.08,4332.8,0.25,3,Canada,iHerb,54,20,13,36,39,12
2025-03-03,Collagen Peptides,Protein,151,33.49,5056.99,0.07,1,Canada,Walmart,,,,,,
2025-03-10,Whey Protein,Protein,140,24.03,3364.2,0.1,2,UK,Amazon,,,,,,
2025-03-10,Collagen Peptides,Protein,150,51.58,7737,0.25,2,USA,iHerb,,,,,,
2025-03-17,Whey Protein,Protein,166,10.07,1671.62,0.09,3,Canada,iHerb,,,,,,
2025-03-17,Collagen Peptides,Protein,158,17.22,2720.76,0.15,0,UK,Amazon,,,,,,
2025-03-24,Whey Protein,Protein,158,18.5,2923,0.02,0,UK,Amazon,,,,,,
2025-03-24,Collagen Peptides,Protein,144,46.39,6680.16,0.1,3,Canada,iHerb,,,,,,
2025-03-31,Whey Protein,Protein,148,15.17,2245.16,0.07,1,UK,Amazon,,,,,,
2025-03-31,Collagen Peptides,Protein,146,52.79,7707.34,0.13,1,USA,Amazon,,,,,,
2025-04-03,Whey Protein,Protein,180,58.59,7849.44,0.07,0,Canada,iHerb,55,21,13,36,35,11
2025-05-04,Whey Protein,Protein,170,38.98,1827.36,0.22,3,UK,Amazon,51,21,12,34,35,11
2025-06-05,Whey Protein,Protein,155,32.01,9765.84,0.06,1,USA,Walmart,52,21,12,34,37,11
2025-07-06,Whey Protein,Protein,148,27.26,7750.98,0.04,0,Canada,iHerb,56,23,12,36,40,11
2025-08-07,Whey Protein,Protein,143,19.82,3875.2,0.18,0,USA,Amazon,55,21,12,32,38,11
2025-09-08,Whey Protein,Protein,139,56.88,5491.2,0.2,3,USA,Walmart,53,20,11,32,34,9
2025-10-09,Whey Protein,Protein,125,12.69,6143.76,0.24,2,Canada,Amazon,51,17,11,31,32,10
2025-11-03,Whey Protein,Protein,120,58.13,1605.8,0.19,1,UK,iHerb,49,19,10,31,38,10
2025-12-04,Whey Protein,Protein,175,50.66,7743.75,0.08,3,UK,Walmart,45,19,9,32,42,10
2026-01-02,Whey Protein,Protein,160,27.68,4332.8,0.24,3,UK,Walmart,69,26,13,39,50,10
2026-02-03,Whey Protein,Protein,158,35.2,4189.65,0.01,0,Canada,Amazon,68,25,13,40,46,9
2026-03-04,Whey Protein,Protein,189,36.57,4739.2,0.04,3,Canada,iHerb,77,29,14,41,45,11
2026-05-05,Whey Protein,Protein,194,10.85,5487.67,0.18,1,UK,Amazon,100,28,13,42,48,10
2026-06-06,Whey Protein,Protein,151,43.75,3736.02,0.15,0,USA,Walmart,88,30,13,43,45,9
2026-07-05,Whey Protein,Protein,159,27.08,1936.29,0.07,0,Canada,iHerb,85,30,14,43,46,9
2026-08-03,Whey Protein,Protein,150,33.13,2779.84,0.22,3,USA,Amazon,65,24,12,37,42,8
2026-09-05,Whey Protein,Protein,144,36.69,3356.01,0.06,2,USA,Walmart,58,21,12,32,42,7
2026-10-04,Whey Protein,Protein,131,24.45,3356.01,0.04,1,Canada,Amazon,54,18,11,28,40,7